Workbook

Sheet Guide
A2: Baromètre social — KAMA Côte d'Ivoire
A4: Objectif
A5: Cet outil permet de mesurer le climat social au sein de KAMA CI à travers 8 thèmes clés et 24 questions notées de 1 (pas du tout d'accord) à 5 (tout à fait d'accord). Il donne une photographie chiffrée de la situation, utile pour prioriser les actions RH et suivre leur effet dans le temps.
A7: Comment l'utiliser
A8: 1. Diffuser le questionnaire (onglet "Questionnaire") aux collaborateurs, en présentiel, sur papier ou via un formulaire en ligne reprenant les mêmes questions. L'anonymat des réponses renforce la sincérité des retours.
A9: 2. Saisir chaque réponse individuelle dans l'onglet "Saisie des réponses" — une ligne par répondant, une colonne par question (note de 1 à 5). Les cellules à remplir sont en jaune.
A10: 3. Consulter l'onglet "Résultats" : les scores par thème et le score global se calculent automatiquement, avec un graphique et une lecture qualitative (Alerte / Fragile / Correct / Solide).
A11: 4. Répéter l'enquête à intervalle régulier (ex. tous les 6 mois) pour suivre l'évolution et mesurer l'impact des actions engagées.
A13: Échelle de notation
A14: 1 = Pas du tout d'accord | 2 = Plutôt pas d'accord | 3 = Neutre | 4 = Plutôt d'accord | 5 = Tout à fait d'accord
A16: Lecture des scores (sur 5)
A17: Moins de 2,5 : Alerte — point de tension nécessitant une action RH prioritaire 2,5 à 3,4 : Fragile — vigilance et plan d'action à envisager 3,5 à 4,2 : Correct — climat globalement sain, marge de progrès Plus de 4,2 : Solide — point fort à préserver et valoriser

Sheet Questionnaire
B1: Departement
B2: Ancienité
A4: N° | B4: Thème | C4: Question | D4: Votre note (1 à 5)
A5: 1 | B5: Rémunération & avantages | C5: Je considère que ma rémunération est cohérente avec mon poste et mes responsabilités | D5: 1
A6: 2 | B6: Rémunération & avantages | C6: Les avantages sociaux proposés (transport, santé, primes...) répondent à mes besoins | D6: 1
A7: 3 | B7: Rémunération & avantages | C7: Les règles de rémunération et d'évolution salariale sont claires et équitables | D7: 1
A8: 4 | B8: Conditions de travail & charge | C8: Ma charge de travail est raisonnable et soutenable dans la durée | D8: 1
A9: 5 | B9: Conditions de travail & charge | C9: Je dispose des moyens et outils nécessaires pour bien faire mon travail | D9: 1
A10: 6 | B10: Conditions de travail & charge | C10: Mon environnement de travail (locaux, sécurité, équipements) est satisfaisant | D10: 2
A11: 7 | B11: Management & encadrement | C11: Mon responsable direct me donne des consignes claires | D11: 2
A12: 8 | B12: Management & encadrement | C12: Mon responsable direct est à l'écoute et disponible en cas de difficulté
A13: 9 | B13: Management & encadrement | C13: Je fais confiance à la ligne managériale de mon service
A14: 10 | B14: Communication interne | C14: Je suis informé(e) en temps utile des décisions qui concernent mon activité
A15: 11 | B15: Communication interne | C15: La communication entre les services fonctionne bien
A16: 12 | B16: Communication interne | C16: Je peux m'exprimer librement sur mes conditions de travail sans crainte
A17: 13 | B17: Reconnaissance & évolution | C17: Mon travail et mes efforts sont reconnus à leur juste valeur
A18: 14 | B18: Reconnaissance & évolution | C18: J'ai une visibilité claire sur mes perspectives d'évolution au sein de KAMA
A19: 15 | B19: Reconnaissance & évolution | C19: J'ai accès à des formations utiles pour progresser dans mon poste
A20: 16 | B20: Ambiance & relations sociales | C20: L'ambiance de travail au sein de mon équipe est bonne
A21: 17 | B21: Ambiance & relations sociales | C21: Les relations entre collègues sont basées sur le respect et l'entraide
A22: 18 | B22: Ambiance & relations sociales | C22: Les tensions ou conflits sont traités rapidement et équitablement
A23: 19 | B23: Sécurité & santé au travail | C23: Je me sens en sécurité physique dans l'exercice de mon travail
... A28: 24 | B28: Confiance envers la direction | C28: Je recommanderais KAMA CI comme employeur à un proche
A30: Cette feuille sert de modèle individuel pour un répondant unique. Pour une enquête collective, utilisez l'onglet "Saisie des réponses".

Sheet Saisie des réponses
A1: ID répondant | B1: Service / Direction | C1: Ancienneté (années) | D1: Q1 | E1: Q2 | F1: Q3 | G1: Q4 | H1: Q5 | I1: Q6 | J1: Q7 | K1: Q8 | L1: Q9 | M1: Q10 | N1: Q11 | O1: Q12 | P1: Q13 | Q1: Q14 | R1: Q15 | S1: Q16 | T1: Q17 | U1: Q18 | V1: Q19 | W1: Q20 | X1: Q21 | Y1: Q22 | Z1: Q23 | AA1: Q24 | AB1: Commentaire libre (facultatif)
A2: 1
A3: 2
A4: 3
A5: 4
A6: 5
A7: 6
A8: 7
A9: 8
A10: 9
A11: 10
A12: 11
A13: 12
... A41: 40

Sheet Résultats
A1: Résultats du baromètre social — KAMA CI
A3: Nombre de répondants pris en compte | B3: =COUNT('Saisie des réponses'!D2:D1000)
A5: Thème | B5: Score moyen /5 | C5: Score % | D5: Lecture | E5: Commentaire
A6: Rémunération & avantages | B6: =IFERROR(AVERAGE('Saisie des réponses'!D2:F1000),"") | C6: =IFERROR(B6/5,"") | D6: =IF(B6="","",IF(B6<2.5,"Alerte",IF(B6<3.5,"Fragile",IF(B6<4.2,"Correct","Solide"))))
A7: Conditions de travail & charge | B7: =IFERROR(AVERAGE('Saisie des réponses'!G2:I1000),"") | C7: =IFERROR(B7/5,"") | D7: =IF(B7="","",IF(B7<2.5,"Alerte",IF(B7<3.5,"Fragile",IF(B7<4.2,"Correct","Solide"))))
A8: Management & encadrement | B8: =IFERROR(AVERAGE('Saisie des réponses'!J2:L1000),"") | C8: =IFERROR(B8/5,"") | D8: =IF(B8="","",IF(B8<2.5,"Alerte",IF(B8<3.5,"Fragile",IF(B8<4.2,"Correct","Solide"))))
A9: Communication interne | B9: =IFERROR(AVERAGE('Saisie des réponses'!M2:O1000),"") | C9: =IFERROR(B9/5,"") | D9: =IF(B9="","",IF(B9<2.5,"Alerte",IF(B9<3.5,"Fragile",IF(B9<4.2,"Correct","Solide"))))
A10: Reconnaissance & évolution | B10: =IFERROR(AVERAGE('Saisie des réponses'!P2:R1000),"") | C10: =IFERROR(B10/5,"") | D10: =IF(B10="","",IF(B10<2.5,"Alerte",IF(B10<3.5,"Fragile",IF(B10<4.2,"Correct","Solide"))))
A11: Ambiance & relations sociales | B11: =IFERROR(AVERAGE('Saisie des réponses'!S2:U1000),"") | C11: =IFERROR(B11/5,"") | D11: =IF(B11="","",IF(B11<2.5,"Alerte",IF(B11<3.5,"Fragile",IF(B11<4.2,"Correct","Solide"))))
A12: Sécurité & santé au travail | B12: =IFERROR(AVERAGE('Saisie des réponses'!V2:X1000),"") | C12: =IFERROR(B12/5,"") | D12: =IF(B12="","",IF(B12<2.5,"Alerte",IF(B12<3.5,"Fragile",IF(B12<4.2,"Correct","Solide"))))
A13: Confiance envers la direction | B13: =IFERROR(AVERAGE('Saisie des réponses'!Y2:AA1000),"") | C13: =IFERROR(B13/5,"") | D13: =IF(B13="","",IF(B13<2.5,"Alerte",IF(B13<3.5,"Fragile",IF(B13<4.2,"Correct","Solide"))))
A15: SCORE GLOBAL | B15: =IFERROR(AVERAGE(B6:B13),"") | C15: =IFERROR(B15/5,"") | D15: =IF(B15="","",IF(B15<2.5,"Alerte",IF(B15<3.5,"Fragile",IF(B15<4.2,"Correct","Solide"))))
A18: Légende de lecture
A19: Alerte | B19: < 2,5 — point de tension nécessitant une action RH prioritaire
A20: Fragile | B20: 2,5 à 3,4 — vigilance et plan d'action à envisager
A21: Correct | B21: 3,5 à 4,2 — climat globalement sain, marge de progrès
A22: Solide | B22: > 4,2 — point fort à préserver et valoriser
